level_id,attempts,users,attempt_win_rate,first_attempt_win_rate,avg_attempt,median_attempt,avg_playtime,revive_rate,avg_unsolved_items,avg_move,failed_attempts,retries_after_fail,retry_after_fail_rate,users_reached,users_reached_next,dropoff_rate,is_priority
1,12194,12029,0.9985,0.9985,1.0,1.0,9.53,0.0,0.0,1.09,18,6,0.3333,11775.0,12020.0,-0.0208,False
2,12327,11964,0.9822,0.9915,1.0,1.0,10.09,0.0,0.01,2.05,220,207,0.9409,12020.0,11928.0,0.0077,False
3,12330,11872,0.9719,0.9784,1.02,1.0,13.49,0.0,0.06,3.33,346,309,0.8931,11928.0,11828.0,0.0084,False
4,11942,11777,0.9965,0.997,1.01,1.0,17.5,0.0,0.01,6.32,42,36,0.8571,11828.0,11745.0,0.007,False
5,11771,11611,0.9971,0.9977,1.01,1.0,39.65,0.0,0.01,13.52,34,30,0.8824,11745.0,11562.0,0.0156,False
6,11591,11432,0.9972,0.9975,1.02,1.0,41.55,0.0,0.01,13.77,33,29,0.8788,11562.0,11406.0,0.0135,False
7,11390,11228,0.9975,0.9979,1.02,1.0,62.87,0.0,0.01,19.46,28,26,0.9286,11406.0,11255.0,0.0132,False
8,11172,10991,0.9961,0.9971,1.03,1.0,45.67,0.0006,0.02,14.36,44,42,0.9545,11255.0,10965.0,0.0258,False
9,11056,10697,0.9787,0.9797,1.05,1.0,54.75,0.0092,0.12,16.43,235,219,0.9319,10965.0,10666.0,0.0273,False
10,10716,10476,0.9888,0.9931,1.05,1.0,67.6,0.0004,0.08,21.27,120,110,0.9167,10666.0,10448.0,0.0204,False
11,10363,10205,0.9965,0.9973,1.03,1.0,68.43,0.0,0.02,21.6,36,31,0.8611,10448.0,10216.0,0.0222,False
12,10109,9962,0.9982,0.9988,1.04,1.0,85.96,0.0,0.01,24.52,18,11,0.6111,10216.0,9944.0,0.0266,False
13,9880,9708,0.996,0.9962,1.04,1.0,72.99,0.0001,0.03,24.12,40,36,0.9,9944.0,9705.0,0.024,False
14,9828,9548,0.9843,0.985,1.04,1.0,91.62,0.0122,0.12,27.52,154,146,0.9481,9705.0,9448.0,0.0265,False
15,9557,9402,0.9987,0.9987,1.01,1.0,68.51,0.0004,0.01,20.65,12,12,1.0,9448.0,9335.0,0.012,False
16,9831,9205,0.9451,0.9515,1.09,1.0,77.67,0.0366,0.42,25.15,540,505,0.9352,9335.0,9081.0,0.0272,False
17,9153,9011,0.9977,0.9982,1.02,1.0,72.25,0.001,0.02,25.29,21,21,1.0,9081.0,8956.0,0.0138,False
18,9088,8907,0.9928,0.9953,1.03,1.0,79.2,0.0042,2.07,26.32,65,60,0.9231,8956.0,8839.0,0.0131,False
19,9078,8809,0.9826,0.9831,1.03,1.0,72.31,0.0165,0.16,31.82,158,151,0.9557,8839.0,8724.0,0.013,False
20,8828,8701,0.9991,0.9993,1.01,1.0,35.54,0.0,0.01,10.38,8,8,1.0,8724.0,8607.0,0.0134,False
21,8732,8580,0.9962,0.997,1.01,1.0,51.16,0.0009,0.03,18.4,33,32,0.9697,8607.0,8518.0,0.0103,False
22,9149,8436,0.9315,0.9361,1.1,1.0,68.63,0.066,0.47,22.87,627,606,0.9665,8518.0,8336.0,0.0214,False
23,8676,8266,0.9636,0.9642,1.05,1.0,62.31,0.0384,0.27,20.45,316,306,0.9684,8336.0,8221.0,0.0138,False
24,9411,8102,0.8622,0.8752,1.2,1.0,87.4,0.1065,1.04,23.81,1297,1218,0.9391,8221.0,7940.0,0.0342,False
25,8122,7891,0.9819,0.9833,1.03,1.0,75.64,0.0186,0.12,26.75,147,143,0.9728,7940.0,7815.0,0.0157,False
26,8042,7783,0.9779,0.9802,1.04,1.0,65.92,0.0259,0.14,20.97,178,172,0.9663,7815.0,7780.0,0.0045,False
27,9790,7653,0.7793,0.8124,1.39,1.0,92.01,0.1459,1.68,24.81,2161,2056,0.9514,7780.0,7503.0,0.0356,False
28,7591,7480,0.9968,0.9972,1.01,1.0,82.49,0.0013,0.04,25.62,24,24,1.0,7503.0,7521.0,-0.0024,False
29,10529,7383,0.696,0.7311,1.55,1.0,69.5,0.2168,2.02,18.61,3201,3062,0.9566,7521.0,7188.0,0.0443,False
30,7247,7154,0.9992,0.9992,1.01,1.0,74.34,0.0001,0.01,24.13,6,6,1.0,7188.0,7093.0,0.0132,False
31,9815,6965,0.7077,0.7651,1.63,1.0,99.4,0.2047,2.34,25.15,2869,2756,0.9606,7093.0,6809.0,0.04,False
32,8208,6725,0.8242,0.8409,1.28,1.0,95.64,0.153,1.24,25.38,1443,1383,0.9584,6809.0,6592.0,0.0319,False
33,6940,6531,0.952,0.9585,1.09,1.0,108.97,0.0463,0.42,28.25,333,322,0.967,6592.0,6441.0,0.0229,False
34,7401,6381,0.8672,0.8918,1.23,1.0,118.89,0.0894,1.19,30.23,983,938,0.9542,6441.0,6293.0,0.023,False
35,6851,6233,0.9177,0.927,1.13,1.0,114.03,0.076,0.71,30.2,564,538,0.9539,6293.0,6153.0,0.0222,False
36,7326,6091,0.8377,0.8758,1.29,1.0,100.15,0.0919,1.31,26.25,1189,1148,0.9655,6153.0,6071.0,0.0133,False
37,8054,5969,0.7425,0.7828,1.5,1.0,114.73,0.168,2.19,26.96,2074,2003,0.9658,6071.0,5863.0,0.0343,False
38,6308,5827,0.935,0.9441,1.11,1.0,126.29,0.0639,0.56,33.53,410,402,0.9805,5863.0,5760.0,0.0176,False
39,6130,5727,0.9452,0.9473,1.08,1.0,86.26,0.0439,0.45,31.73,336,330,0.9821,5760.0,5755.0,0.0009,False
40,8079,5662,0.6975,0.743,1.6,1.0,98.31,0.2252,1.83,21.63,2444,2355,0.9636,5755.0,5512.0,0.0422,False
41,5577,5503,0.9986,0.9987,1.01,1.0,46.4,0.0,0.01,15.11,8,8,1.0,5512.0,5488.0,0.0044,False
42,5709,5475,0.97,0.972,1.05,1.0,81.79,0.0354,0.17,23.44,171,167,0.9766,5488.0,5427.0,0.0111,False
43,5689,5382,0.9582,0.9632,1.09,1.0,144.33,0.0422,0.4,35.44,238,235,0.9874,5427.0,5353.0,0.0136,False
44,6764,5283,0.7825,0.8196,1.39,1.0,128.12,0.2042,1.9,33.49,1471,1416,0.9626,5353.0,5201.0,0.0284,False
45,5807,5160,0.896,0.9094,1.17,1.0,114.16,0.1081,0.82,28.13,604,587,0.9719,5201.0,5115.0,0.0165,False
46,5216,5105,0.9906,0.9916,1.02,1.0,80.66,0.0086,0.06,25.44,49,47,0.9592,5115.0,5094.0,0.0041,False
47,6589,5040,0.767,0.8051,1.46,1.0,115.47,0.1888,1.93,28.98,1535,1489,0.97,5094.0,4990.0,0.0204,False
48,6537,4933,0.7575,0.8019,1.47,1.0,100.81,0.1755,1.82,27.69,1585,1545,0.9748,4990.0,4890.0,0.02,False
49,6192,4843,0.7852,0.8233,1.4,1.0,139.74,0.1818,1.73,34.4,1330,1292,0.9714,4890.0,4778.0,0.0229,False
50,5023,4770,0.9596,0.9621,1.07,1.0,89.65,0.0573,0.29,25.19,203,199,0.9803,4778.0,4805.0,-0.0057,False
51,7138,4743,0.6612,0.7544,1.87,1.0,100.22,0.2094,2.59,25.26,2418,2324,0.9611,4805.0,4623.0,0.0379,False
52,4681,4605,0.9989,0.9994,1.01,1.0,83.64,0.0009,0.01,32.22,5,5,1.0,4623.0,4648.0,-0.0054,False
53,6824,4568,0.6687,0.7385,1.75,1.0,101.89,0.2447,2.62,26.57,2261,2199,0.9726,4648.0,4502.0,0.0314,False
54,5462,4462,0.8244,0.8644,1.37,1.0,128.96,0.1789,1.4,32.47,959,944,0.9844,4502.0,4453.0,0.0109,False
55,5826,4384,0.7573,0.8178,1.52,1.0,95.64,0.2087,1.86,24.2,1414,1387,0.9809,4453.0,4425.0,0.0063,False
56,6638,4352,0.657,0.7693,2.01,1.0,115.5,0.1973,2.83,25.7,2277,2211,0.971,4425.0,4261.0,0.0371,False
57,4656,4234,0.9223,0.9321,1.13,1.0,101.73,0.1027,0.58,27.96,362,357,0.9862,4261.0,4210.0,0.012,False
58,4487,4178,0.9416,0.947,1.11,1.0,134.02,0.082,0.48,36.37,262,257,0.9809,4210.0,4159.0,0.0121,False
59,4691,4139,0.8917,0.9184,1.21,1.0,173.91,0.1051,1.17,42.42,508,502,0.9882,4159.0,4103.0,0.0135,False
60,4154,4094,0.9983,0.9993,1.01,1.0,77.4,0.0002,0.01,24.52,7,7,1.0,4103.0,4068.0,0.0085,False
61,4119,4066,0.9988,0.999,1.01,1.0,34.96,0.0,0.01,12.58,5,5,1.0,4068.0,4076.0,-0.002,False
62,5159,4035,0.7889,0.829,1.41,1.0,105.52,0.1799,1.8,27.17,1089,1069,0.9816,4076.0,4000.0,0.0186,False
63,4061,3997,0.9973,0.9975,1.01,1.0,66.35,0.0015,0.02,25.21,11,11,1.0,4000.0,4050.0,-0.0125,False
64,7417,3999,0.5375,0.654,2.41,1.0,120.72,0.2839,4.33,27.55,3430,3360,0.9796,4050.0,3921.0,0.0319,False
65,4048,3908,0.981,0.9839,1.04,1.0,91.06,0.0267,0.14,30.16,77,77,1.0,3921.0,3904.0,0.0043,False
66,4570,3873,0.8573,0.8828,1.26,1.0,86.45,0.142,1.01,27.95,652,638,0.9785,3904.0,3869.0,0.009,False
67,4956,3833,0.7795,0.8098,1.4,1.0,83.92,0.2074,1.65,25.53,1093,1071,0.9799,3869.0,3800.0,0.0178,False
68,3958,3796,0.9717,0.9787,1.11,1.0,122.13,0.0283,0.27,34.38,112,111,0.9911,3800.0,3872.0,-0.0189,False
69,7265,3820,0.5215,0.6455,3.04,2.0,134.17,0.3025,4.8,31.48,3476,3383,0.9732,3872.0,3719.0,0.0395,False
70,4119,3701,0.9085,0.9157,1.13,1.0,78.77,0.0711,0.71,25.63,377,369,0.9788,3719.0,3694.0,0.0067,False
71,4478,3677,0.8289,0.8597,1.39,1.0,88.46,0.184,1.42,27.67,766,752,0.9817,3694.0,3663.0,0.0084,False
72,4057,3654,0.9108,0.9231,1.14,1.0,104.22,0.1203,0.72,30.28,362,355,0.9807,3663.0,3672.0,-0.0025,False
73,5288,3640,0.6891,0.7165,1.58,1.0,102.58,0.2294,2.75,25.28,1644,1607,0.9775,3672.0,3619.0,0.0144,False
74,5435,3589,0.6633,0.7066,1.72,1.0,112.33,0.2495,3.15,29.42,1830,1799,0.9831,3619.0,3631.0,-0.0033,False
75,6183,3587,0.579,0.6764,2.32,1.0,150.27,0.2965,4.08,29.18,2603,2542,0.9766,3631.0,3557.0,0.0204,False
76,5162,3521,0.6836,0.7514,1.77,1.0,132.32,0.2724,2.52,27.21,1633,1587,0.9718,3557.0,3451.0,0.0298,False
77,3674,3447,0.9491,0.9582,1.09,1.0,99.3,0.04,0.49,35.62,187,180,0.9626,3451.0,3417.0,0.0099,False
78,3506,3406,0.984,0.985,1.03,1.0,113.0,0.0257,0.18,40.91,56,55,0.9821,3417.0,3431.0,-0.0041,False
79,5197,3402,0.6573,0.7317,1.87,1.0,102.74,0.2959,2.96,28.01,1781,1749,0.982,3431.0,3362.0,0.0201,False
80,3552,3361,0.9597,0.9637,1.06,1.0,65.63,0.0597,0.28,21.2,143,142,0.993,3362.0,3348.0,0.0042,False
81,3470,3340,0.9764,0.9764,1.04,1.0,77.67,0.0398,0.18,23.79,82,82,1.0,3348.0,3388.0,-0.0119,False
82,6559,3330,0.5024,0.5648,2.63,2.0,113.42,0.2939,4.32,25.65,3264,3182,0.9749,3388.0,3253.0,0.0398,False
83,3926,3235,0.8344,0.859,1.3,1.0,89.51,0.1332,1.33,26.44,650,642,0.9877,3253.0,3282.0,-0.0089,False
84,4463,3257,0.7369,0.7958,1.65,1.0,138.8,0.2855,2.48,33.99,1174,1151,0.9804,3282.0,3208.0,0.0225,False
85,3278,3205,0.9915,0.9922,1.02,1.0,110.46,0.0076,0.09,36.17,28,27,0.9643,3208.0,3233.0,-0.0078,False
86,4523,3188,0.7101,0.7679,1.66,1.0,121.23,0.2198,2.13,28.68,1311,1289,0.9832,3233.0,3193.0,0.0124,False
87,4950,3165,0.641,0.6872,1.75,1.0,101.64,0.2285,3.19,24.55,1777,1742,0.9803,3193.0,3111.0,0.0257,False
88,3218,3104,0.9779,0.9781,1.04,1.0,124.75,0.032,0.19,31.32,71,71,1.0,3111.0,3133.0,-0.0071,False
89,5223,3102,0.5939,0.6837,2.33,1.0,115.88,0.2801,3.73,31.11,2121,2079,0.9802,3133.0,3066.0,0.0214,False
90,3184,3065,0.9746,0.9766,1.04,1.0,92.06,0.0411,0.2,31.19,81,78,0.963,3066.0,3054.0,0.0039,False
91,3099,3053,0.9968,0.9977,1.01,1.0,39.91,0.0,0.01,12.62,10,10,1.0,3054.0,3049.0,0.0016,False
92,3097,3053,0.9971,0.9977,1.01,1.0,69.59,0.0055,0.03,24.42,9,9,1.0,3049.0,3057.0,-0.0026,False
93,4194,3036,0.7291,0.8087,1.71,1.0,122.64,0.1347,1.89,31.6,1136,1123,0.9886,3057.0,3076.0,-0.0062,False
94,5926,3039,0.5091,0.6102,2.55,2.0,97.46,0.3221,3.57,24.0,2909,2856,0.9818,3076.0,2977.0,0.0322,False
95,3083,2963,0.9721,0.9776,1.06,1.0,125.28,0.035,0.25,31.39,86,86,1.0,2977.0,2980.0,-0.001,False
96,3673,2954,0.8094,0.8426,1.36,1.0,112.49,0.1958,1.64,30.12,700,688,0.9829,2980.0,2943.0,0.0124,False
97,3226,2931,0.9185,0.9314,1.14,1.0,130.42,0.129,0.61,32.12,263,258,0.981,2943.0,2951.0,-0.0027,False
98,4204,2927,0.7005,0.7363,1.59,1.0,131.93,0.264,2.95,30.28,1259,1228,0.9754,2951.0,2910.0,0.0139,False
99,3357,2892,0.8746,0.9015,1.23,1.0,113.06,0.0962,0.91,29.59,421,413,0.981,2910.0,2888.0,0.0076,False
100,4380,2880,0.663,0.6985,1.66,1.0,66.98,0.1993,2.65,14.98,1476,1460,0.9892,2888.0,2907.0,-0.0066,False
101,4566,2868,0.6281,0.6303,1.75,1.0,101.07,0.1859,2.6,23.01,1698,1661,0.9782,2907.0,2882.0,0.0086,False
102,6402,2842,0.4386,0.4624,2.6,2.0,101.27,0.2566,5.36,21.26,3594,3521,0.9797,2882.0,2814.0,0.0236,False
103,4014,2765,0.6943,0.7138,1.63,1.0,128.93,0.2559,2.83,29.83,1227,1195,0.9739,2814.0,2764.0,0.0178,False
104,4841,2728,0.566,0.5952,2.03,1.0,106.85,0.301,4.21,25.0,2101,2055,0.9781,2764.0,2676.0,0.0318,False
105,2751,2673,0.9895,0.9893,1.02,1.0,100.07,0.0244,0.07,29.14,29,28,0.9655,2676.0,2674.0,0.0007,False
106,2889,2669,0.9387,0.9485,1.11,1.0,134.45,0.0852,0.53,35.15,177,173,0.9774,2674.0,2759.0,-0.0318,False
107,6452,2712,0.4155,0.4739,2.99,2.0,91.01,0.2883,5.03,20.64,3771,3695,0.9798,2759.0,2633.0,0.0457,False
108,2927,2619,0.9071,0.9245,1.17,1.0,141.86,0.1261,0.8,32.03,272,265,0.9743,2633.0,2665.0,-0.0122,False
109,5094,2631,0.512,0.6185,2.61,2.0,125.24,0.3335,4.43,28.76,2486,2422,0.9743,2665.0,2569.0,0.036,False
110,3029,2561,0.8567,0.8808,1.26,1.0,136.63,0.1733,1.25,32.82,434,423,0.9747,2569.0,2563.0,0.0023,False
111,4451,2537,0.5695,0.6235,2.13,1.0,139.42,0.2563,4.52,30.95,1916,1878,0.9802,2563.0,2561.0,0.0008,False
112,5514,2545,0.4599,0.6441,3.65,2.0,102.71,0.257,5.12,24.74,2978,2923,0.9815,2561.0,2474.0,0.034,False
113,2526,2467,0.9933,0.9932,1.01,1.0,103.74,0.0131,0.05,31.03,17,17,1.0,2474.0,2510.0,-0.0146,False
114,4318,2476,0.5757,0.6758,2.38,1.0,169.28,0.2916,4.69,37.81,1832,1804,0.9847,2510.0,2443.0,0.0267,False
115,2634,2437,0.9396,0.9471,1.1,1.0,93.82,0.0638,0.47,30.2,159,159,1.0,2443.0,2451.0,-0.0033,False
116,3059,2440,0.8091,0.8519,1.41,1.0,120.15,0.2648,1.33,31.36,584,578,0.9897,2451.0,2462.0,-0.0045,False
117,3894,2445,0.6289,0.7213,2.1,1.0,118.58,0.2486,3.37,27.71,1445,1413,0.9779,2462.0,2416.0,0.0187,False
118,3282,2406,0.7386,0.7986,1.58,1.0,127.5,0.2434,2.39,34.03,858,840,0.979,2416.0,2394.0,0.0091,False
119,3316,2386,0.7262,0.7925,1.66,1.0,169.82,0.2241,3.08,39.14,908,893,0.9835,2394.0,2359.0,0.0146,False
120,2547,2353,0.9403,0.9506,1.12,1.0,127.35,0.0809,0.55,33.4,152,150,0.9868,2359.0,2415.0,-0.0237,False
121,4694,2393,0.506,0.6401,2.77,2.0,126.84,0.3973,3.45,31.96,2319,2268,0.978,2415.0,2375.0,0.0166,False
122,3587,2351,0.659,0.6757,1.72,1.0,143.6,0.2846,3.47,31.55,1223,1203,0.9836,2375.0,2334.0,0.0173,False
123,2443,2326,0.9615,0.965,1.06,1.0,95.81,0.0454,0.34,30.57,94,92,0.9787,2334.0,2326.0,0.0034,False
124,2683,2320,0.8748,0.8937,1.23,1.0,102.76,0.1804,1.0,34.18,336,328,0.9762,2326.0,2331.0,-0.0021,False
125,3404,2317,0.6863,0.758,1.86,1.0,89.38,0.2159,2.96,26.91,1068,1051,0.9841,2331.0,2313.0,0.0077,False
126,2985,2300,0.7792,0.824,1.45,1.0,95.06,0.2747,1.28,25.75,659,651,0.9879,2313.0,2343.0,-0.013,False
127,3541,2320,0.6563,0.7387,1.96,1.0,154.8,0.2962,3.39,35.88,1217,1188,0.9762,2343.0,2277.0,0.0282,False
128,2329,2276,0.991,0.9912,1.02,1.0,62.33,0.0103,0.05,22.41,21,21,1.0,2277.0,2297.0,-0.0088,False
129,4618,2275,0.4965,0.508,2.3,2.0,98.71,0.2746,4.0,19.76,2325,2301,0.9897,2297.0,2279.0,0.0078,False
130,3657,2262,0.6172,0.6992,1.98,1.0,109.14,0.2956,3.2,28.67,1400,1368,0.9771,2279.0,2224.0,0.0241,False
131,2292,2222,0.9799,0.9816,1.03,1.0,105.72,0.0118,0.11,27.55,46,42,0.913,2224.0,2228.0,-0.0018,False
132,2887,2208,0.769,0.8012,1.45,1.0,131.1,0.2487,1.93,31.15,667,653,0.979,2228.0,2199.0,0.013,False
133,2430,2193,0.9128,0.9283,1.2,1.0,99.4,0.1136,0.68,28.4,212,209,0.9858,2199.0,2200.0,-0.0005,False
134,2683,2183,0.8226,0.8625,1.35,1.0,123.79,0.2564,1.48,31.05,476,473,0.9937,2200.0,2185.0,0.0068,False
135,2846,2168,0.7667,0.8143,1.49,1.0,110.32,0.2428,1.74,27.62,664,651,0.9804,2185.0,2157.0,0.0128,False
136,2261,2156,0.9668,0.9684,1.05,1.0,90.23,0.0442,0.22,31.05,75,75,1.0,2157.0,2166.0,-0.0042,False
137,2901,2157,0.7477,0.7874,1.53,1.0,148.5,0.3585,2.6,33.51,732,715,0.9768,2166.0,2115.0,0.0235,False
138,2160,2110,0.9903,0.9901,1.02,1.0,114.81,0.0167,0.08,32.67,21,21,1.0,2115.0,2121.0,-0.0028,False
139,2673,2113,0.7991,0.8486,1.44,1.0,133.41,0.2682,1.69,34.26,537,531,0.9888,2121.0,2117.0,0.0019,False
140,2467,2109,0.8654,0.8832,1.24,1.0,111.1,0.2278,1.19,30.23,332,329,0.991,2117.0,2104.0,0.0061,False
141,2183,2092,0.9689,0.9726,1.05,1.0,97.71,0.0733,0.23,28.02,68,67,0.9853,2104.0,2121.0,-0.0081,False
142,4642,2096,0.4453,0.5598,3.11,2.0,135.09,0.3119,5.66,27.65,2575,2526,0.981,2121.0,2037.0,0.0396,False
143,2068,2033,0.9937,0.9941,1.02,1.0,84.73,0.0169,0.06,30.39,13,13,1.0,2037.0,2117.0,-0.0393,False
144,5643,2079,0.3604,0.4809,4.14,2.0,156.13,0.3911,7.33,30.65,3609,3537,0.98,2117.0,2005.0,0.0529,False
145,2584,2003,0.7825,0.7943,1.35,1.0,96.1,0.154,1.94,26.11,562,556,0.9893,2005.0,1995.0,0.005,False
146,2245,1996,0.898,0.9116,1.17,1.0,110.86,0.1136,0.7,28.35,229,227,0.9913,1995.0,2026.0,-0.0155,False
147,3627,2019,0.5545,0.6449,2.28,1.0,163.99,0.4034,4.3,33.55,1616,1589,0.9833,2026.0,2001.0,0.0123,False
148,3373,1978,0.5849,0.6702,2.19,1.0,152.3,0.3475,4.17,34.49,1400,1377,0.9836,2001.0,1963.0,0.019,False
149,2936,1959,0.6727,0.726,1.7,1.0,112.49,0.2742,3.08,27.77,961,946,0.9844,1963.0,1948.0,0.0076,False
150,2581,1924,0.7528,0.7944,1.48,1.0,168.02,0.301,2.52,38.6,638,629,0.9859,1948.0,1931.0,0.0087,False
151,2572,1930,0.7562,0.7938,1.47,1.0,112.76,0.2469,1.97,29.12,627,620,0.9888,1931.0,1962.0,-0.0161,False
152,3958,1932,0.4851,0.5795,2.91,2.0,136.82,0.3327,4.18,32.08,2038,1998,0.9804,1962.0,1918.0,0.0224,False
153,3554,1911,0.5394,0.6538,2.41,1.0,87.72,0.2755,3.56,23.88,1637,1616,0.9872,1918.0,1937.0,-0.0099,False
154,4899,1907,0.3815,0.3672,3.06,2.0,104.76,0.3484,6.75,26.69,3030,2959,0.9766,1937.0,1844.0,0.048,False
155,2566,1832,0.7178,0.7523,1.57,1.0,119.52,0.3581,2.37,29.93,724,713,0.9848,1844.0,1847.0,-0.0016,False
156,3505,1833,0.5215,0.6254,2.56,2.0,142.46,0.2976,4.68,29.28,1677,1654,0.9863,1847.0,1809.0,0.0206,False
157,2067,1796,0.8771,0.8995,1.23,1.0,175.98,0.1921,1.08,41.71,254,251,0.9882,1809.0,1804.0,0.0028,False
158,2591,1791,0.6943,0.7439,1.67,1.0,155.68,0.3161,2.81,33.69,792,780,0.9848,1804.0,1799.0,0.0028,False
159,3825,1784,0.4607,0.3935,2.29,2.0,134.64,0.3425,5.89,30.23,2063,2022,0.9801,1799.0,1746.0,0.0295,False
160,1786,1744,0.9877,0.9891,1.03,1.0,80.24,0.0151,0.09,27.25,22,21,0.9545,1746.0,1740.0,0.0034,False
161,1816,1740,0.9681,0.9708,1.05,1.0,90.76,0.0143,0.17,20.45,58,57,0.9828,1740.0,1743.0,-0.0017,False
162,2097,1727,0.8321,0.8529,1.32,1.0,133.74,0.114,1.57,32.03,352,348,0.9886,1743.0,1730.0,0.0075,False
163,1940,1729,0.9,0.9165,1.17,1.0,121.77,0.1139,0.77,29.14,194,191,0.9845,1730.0,1751.0,-0.0121,False
164,3593,1728,0.4756,0.5519,2.67,2.0,134.2,0.3771,4.99,30.02,1884,1844,0.9788,1751.0,1689.0,0.0354,False
165,2168,1686,0.7883,0.8408,1.46,1.0,124.22,0.3542,1.72,31.08,459,456,0.9935,1689.0,1688.0,0.0006,False
166,2970,1675,0.5643,0.6442,2.26,1.0,145.5,0.2495,3.62,29.79,1294,1270,0.9815,1688.0,1687.0,0.0006,False
167,3562,1654,0.459,0.5316,2.82,2.0,152.63,0.3195,5.33,28.5,1927,1885,0.9782,1687.0,1627.0,0.0356,False
168,2796,1614,0.5823,0.6966,2.6,1.0,167.78,0.3151,2.88,32.79,1168,1151,0.9854,1627.0,1629.0,-0.0012,False
169,4036,1615,0.3927,0.4357,2.98,2.0,96.79,0.3915,5.85,25.33,2451,2398,0.9784,1629.0,1576.0,0.0325,False
170,2146,1561,0.7274,0.7755,1.7,1.0,172.1,0.2283,2.38,34.05,585,565,0.9658,1576.0,1559.0,0.0108,False
171,2484,1538,0.624,0.7062,1.94,1.0,155.86,0.3056,3.5,31.56,934,921,0.9861,1559.0,1539.0,0.0128,False
172,2385,1528,0.6436,0.6952,1.86,1.0,125.46,0.3103,3.32,31.8,850,831,0.9776,1539.0,1507.0,0.0208,False
173,1783,1504,0.8525,0.8808,1.25,1.0,153.47,0.1688,1.6,38.26,263,260,0.9886,1507.0,1518.0,-0.0073,False
174,2353,1509,0.6413,0.6755,1.79,1.0,182.85,0.3285,3.88,37.07,844,830,0.9834,1518.0,1524.0,-0.004,False
175,2884,1500,0.5173,0.5859,2.55,2.0,201.03,0.346,5.4,35.91,1392,1367,0.982,1524.0,1469.0,0.0361,False
176,1660,1461,0.888,0.9085,1.2,1.0,119.95,0.1404,1.1,36.17,186,180,0.9677,1469.0,1457.0,0.0082,False
177,1547,1455,0.9522,0.9614,1.08,1.0,194.25,0.0718,0.62,52.29,74,73,0.9865,1457.0,1461.0,-0.0027,False
178,2235,1452,0.6541,0.6679,1.71,1.0,144.68,0.2823,3.06,29.0,773,764,0.9884,1461.0,1459.0,0.0014,False
179,2702,1447,0.5374,0.5767,2.2,2.0,142.78,0.3309,5.04,30.43,1250,1230,0.984,1459.0,1451.0,0.0055,False
180,2874,1442,0.5035,0.6163,2.75,2.0,155.7,0.3514,5.5,33.28,1427,1411,0.9888,1451.0,1427.0,0.0165,False
181,1913,1421,0.7459,0.7804,1.49,1.0,123.52,0.3873,2.33,31.86,486,475,0.9774,1427.0,1416.0,0.0077,False
182,2152,1406,0.6543,0.703,1.91,1.0,173.42,0.3072,3.86,40.2,744,732,0.9839,1416.0,1404.0,0.0085,False
183,2360,1397,0.5936,0.649,2.06,1.0,117.67,0.3746,3.95,30.66,959,944,0.9844,1404.0,1400.0,0.0028,False
184,2806,1365,0.48,0.5687,2.68,2.0,139.51,0.2855,5.72,27.71,1459,1423,0.9753,1400.0,1342.0,0.0414,False
185,2023,1333,0.6673,0.7224,1.71,1.0,145.26,0.3233,3.14,31.2,673,665,0.9881,1342.0,1324.0,0.0134,False
186,1403,1323,0.9601,0.9646,1.06,1.0,124.68,0.0499,0.42,40.63,56,56,1.0,1324.0,1343.0,-0.0144,False
187,2957,1334,0.4515,0.5485,4.09,2.0,114.53,0.421,4.99,28.57,1622,1598,0.9852,1343.0,1321.0,0.0164,False
188,2396,1314,0.548,0.6436,2.39,1.0,133.23,0.4257,3.98,33.89,1083,1064,0.9825,1321.0,1334.0,-0.0098,False
189,4420,1315,0.2919,0.3814,5.8,3.0,113.81,0.381,6.86,24.97,3130,3087,0.9863,1334.0,1273.0,0.0457,False
190,1385,1271,0.9314,0.9324,1.1,1.0,141.92,0.1495,0.67,38.89,95,94,0.9895,1273.0,1279.0,-0.0047,False
191,2176,1264,0.5758,0.646,2.13,1.0,110.26,0.3281,4.19,29.91,923,901,0.9762,1279.0,1258.0,0.0164,False
192,2254,1248,0.5555,0.6353,2.27,1.0,130.48,0.3199,4.3,30.03,1002,990,0.988,1258.0,1238.0,0.0159,False
193,1475,1234,0.8447,0.8746,1.32,1.0,174.44,0.1986,1.84,42.76,229,225,0.9825,1238.0,1264.0,-0.021,False
194,3604,1252,0.341,0.4335,3.93,3.0,84.64,0.3421,4.2,18.04,2375,2331,0.9815,1264.0,1210.0,0.0427,False
195,1834,1201,0.6647,0.704,1.73,1.0,125.67,0.2737,3.31,30.38,615,609,0.9902,1210.0,1203.0,0.0058,False
196,2194,1194,0.5433,0.6271,2.23,1.0,106.34,0.3528,3.76,23.94,1002,986,0.984,1203.0,1219.0,-0.0133,False
197,3350,1212,0.3513,0.5085,4.7,3.0,114.33,0.3758,5.68,24.42,2173,2123,0.977,1219.0,1165.0,0.0443,False
198,1518,1156,0.7727,0.7845,1.41,1.0,178.48,0.2424,2.18,30.02,345,342,0.9913,1165.0,1152.0,0.0112,False
199,1183,1149,0.9873,0.9879,1.02,1.0,105.54,0.0634,0.12,32.21,15,15,1.0,1152.0,1145.0,0.0061,False
200,1200,1141,0.9658,0.9673,1.07,1.0,160.11,0.0725,0.33,36.36,41,41,1.0,1145.0,1142.0,0.0026,False
201,1157,1142,0.9974,0.9982,1.03,1.0,71.32,0.0,0.02,26.14,3,2,0.6667,1142.0,1136.0,0.0053,False
202,1184,1135,0.9679,0.9707,1.06,1.0,140.15,0.0566,0.28,38.34,38,38,1.0,1136.0,1140.0,-0.0035,False
203,1220,1139,0.9459,0.9478,1.09,1.0,103.14,0.0721,0.42,35.15,66,66,1.0,1140.0,1165.0,-0.0219,False
204,2999,1153,0.3798,0.4197,3.21,2.0,133.69,0.4278,6.14,27.84,1860,1831,0.9844,1165.0,1121.0,0.0378,False
205,1172,1122,0.971,0.9768,1.06,1.0,120.26,0.0802,0.24,35.68,34,34,1.0,1121.0,1124.0,-0.0027,False
206,1651,1120,0.6832,0.7266,1.71,1.0,165.58,0.3247,3.59,38.37,523,517,0.9885,1124.0,1130.0,-0.0053,False
207,2131,1121,0.5242,0.6242,2.74,2.0,116.93,0.4256,3.89,30.26,1014,995,0.9813,1130.0,1108.0,0.0195,False
208,1816,1101,0.6118,0.6489,1.86,1.0,122.5,0.337,3.85,30.95,705,697,0.9887,1108.0,1125.0,-0.0153,False
209,2862,1118,0.3871,0.4537,3.57,2.0,145.27,0.4214,6.61,32.4,1754,1729,0.9857,1125.0,1105.0,0.0178,False
210,3099,1094,0.3488,0.3838,3.64,2.0,116.23,0.4046,7.06,24.54,2018,1992,0.9871,1105.0,1080.0,0.0226,False
211,2054,1061,0.5161,0.5928,2.53,2.0,142.1,0.3885,5.28,32.34,994,976,0.9819,1080.0,1039.0,0.038,False
212,1364,1030,0.7639,0.7879,1.43,1.0,212.25,0.3292,2.57,45.34,322,318,0.9876,1039.0,1038.0,0.001,False
213,1486,1036,0.6992,0.7425,1.61,1.0,135.58,0.1978,3.02,32.06,447,440,0.9843,1038.0,1040.0,-0.0019,False
214,2222,1034,0.464,0.5408,2.98,2.0,143.1,0.4248,5.81,31.12,1191,1177,0.9882,1040.0,1016.0,0.0231,False
215,1374,1008,0.7424,0.7874,1.56,1.0,168.82,0.3872,2.88,39.73,354,351,0.9915,1016.0,1032.0,-0.0157,False
216,2317,1024,0.4398,0.4825,2.93,2.0,134.22,0.4104,5.65,28.37,1298,1276,0.9831,1032.0,1014.0,0.0174,False
217,1940,1010,0.5211,0.6055,2.38,2.0,124.19,0.3495,4.39,27.24,929,918,0.9882,1014.0,1017.0,-0.003,False
218,2314,1015,0.436,0.5211,3.01,2.0,126.9,0.4857,4.49,29.96,1305,1280,0.9808,1017.0,998.0,0.0187,False
219,1891,991,0.5214,0.5824,2.21,2.0,177.89,0.4225,5.23,35.77,905,885,0.9779,998.0,970.0,0.0281,False
220,1317,967,0.7396,0.7723,1.53,1.0,168.77,0.2574,2.63,34.75,343,340,0.9913,970.0,970.0,0.0,False
221,1445,964,0.6651,0.7163,1.71,1.0,121.85,0.3495,3.62,32.65,484,473,0.9773,970.0,953.0,0.0175,False
222,981,953,0.9796,0.9791,1.03,1.0,119.03,0.0683,0.17,37.17,20,20,1.0,953.0,973.0,-0.021,False
223,2962,959,0.319,0.4443,5.98,3.0,140.87,0.3916,6.59,28.8,2017,1996,0.9896,973.0,946.0,0.0277,False
224,2071,944,0.4505,0.6068,3.46,2.0,144.55,0.3916,5.6,31.93,1138,1118,0.9824,946.0,925.0,0.0222,False
225,1347,922,0.686,0.7311,1.68,1.0,131.24,0.3059,2.65,30.24,423,417,0.9858,925.0,921.0,0.0043,False
226,1679,911,0.5438,0.6507,2.49,1.0,130.76,0.3788,4.3,30.75,766,759,0.9909,921.0,910.0,0.0119,False
227,1205,910,0.756,0.8115,1.57,1.0,105.9,0.41,1.71,28.78,294,289,0.983,910.0,913.0,-0.0033,False
228,1176,904,0.7662,0.8176,1.52,1.0,121.73,0.3716,2.02,31.15,275,267,0.9709,913.0,918.0,-0.0055,False
229,2184,914,0.4176,0.5753,4.22,2.0,137.04,0.4492,4.81,29.32,1272,1257,0.9882,918.0,896.0,0.024,False
230,973,893,0.9301,0.9434,1.12,1.0,187.39,0.1346,0.73,43.77,68,67,0.9853,896.0,926.0,-0.0335,False
231,3482,917,0.2519,0.3104,6.85,3.0,111.64,0.3644,8.09,20.53,2605,2554,0.9804,926.0,872.0,0.0583,True
232,1273,866,0.6866,0.7421,1.71,1.0,133.07,0.4101,3.06,32.33,399,395,0.99,872.0,862.0,0.0115,False
233,973,860,0.889,0.9018,1.19,1.0,138.56,0.1737,1.27,40.55,108,106,0.9815,862.0,881.0,-0.022,False
234,2643,874,0.325,0.3461,3.84,3.0,167.34,0.4211,7.32,29.04,1784,1758,0.9854,881.0,846.0,0.0397,False
235,1019,846,0.844,0.8758,1.29,1.0,154.12,0.2188,1.7,40.21,159,158,0.9937,846.0,850.0,-0.0047,False
236,1263,844,0.6738,0.7189,1.71,1.0,136.63,0.3626,3.16,32.37,412,404,0.9806,850.0,838.0,0.0141,False
237,1560,836,0.5321,0.6311,2.58,2.0,167.38,0.4333,5.36,35.27,730,717,0.9822,838.0,824.0,0.0167,False
238,1052,817,0.7842,0.8236,1.65,1.0,166.4,0.288,2.11,37.95,227,227,1.0,824.0,827.0,-0.0036,False
239,1632,823,0.5031,0.585,2.45,2.0,166.23,0.4565,5.21,34.5,811,798,0.984,827.0,823.0,0.0048,False
240,1847,815,0.4402,0.5096,3.09,2.0,194.37,0.4808,6.37,37.06,1034,1023,0.9894,823.0,806.0,0.0207,False
241,1872,796,0.4263,0.4973,3.26,2.0,95.46,0.4295,4.23,21.09,1074,1062,0.9888,806.0,785.0,0.0261,False
242,985,786,0.8102,0.866,1.43,1.0,105.12,0.265,1.63,29.34,187,187,1.0,785.0,799.0,-0.0178,False
243,1648,788,0.4745,0.4759,2.41,2.0,160.67,0.4381,5.29,29.86,866,853,0.985,799.0,785.0,0.0175,False
244,2034,779,0.3786,0.4456,3.7,2.0,135.36,0.4292,5.75,26.57,1264,1246,0.9858,785.0,764.0,0.0268,False
245,973,765,0.7996,0.8382,1.4,1.0,162.52,0.2867,2.08,38.5,195,193,0.9897,764.0,768.0,-0.0052,False
246,1133,765,0.6778,0.7235,1.68,1.0,143.31,0.3848,3.34,37.28,365,359,0.9836,768.0,780.0,-0.0156,False
247,2837,769,0.2647,0.4031,6.13,4.0,120.57,0.4188,7.5,26.07,2086,2060,0.9875,780.0,743.0,0.0474,False
248,861,738,0.8653,0.8953,1.27,1.0,112.47,0.2033,1.11,31.48,116,114,0.9828,743.0,745.0,-0.0027,False
249,1285,737,0.5774,0.6298,1.95,1.0,150.57,0.3883,4.41,34.23,543,535,0.9853,745.0,739.0,0.0081,False
250,1837,736,0.3968,0.4583,3.5,2.0,94.25,0.4665,5.2,24.8,1108,1089,0.9829,739.0,715.0,0.0325,False
251,719,714,1.0,1.0,1.0,1.0,86.24,0.0,0.0,25.69,0,0,,715.0,709.0,0.0084,False
252,735,709,0.9687,0.9671,1.05,1.0,123.74,0.0721,0.27,32.81,23,23,1.0,709.0,711.0,-0.0028,False
253,1103,707,0.6428,0.6988,1.89,1.0,116.26,0.3944,2.95,27.61,394,390,0.9898,711.0,721.0,-0.0141,False
254,2532,711,0.2737,0.3137,5.17,3.0,103.43,0.4368,6.75,21.14,1839,1817,0.988,721.0,688.0,0.0458,False
255,789,686,0.8733,0.8987,1.21,1.0,98.85,0.2598,1.0,30.06,100,99,0.99,688.0,683.0,0.0073,False
256,923,683,0.7443,0.7786,1.5,1.0,150.28,0.2958,2.72,34.28,236,232,0.9831,683.0,691.0,-0.0117,False
257,1382,689,0.5022,0.6138,2.69,2.0,188.74,0.4522,5.17,33.51,688,683,0.9927,691.0,696.0,-0.0072,False
258,1174,692,0.5928,0.6755,2.18,1.0,158.69,0.4974,4.17,38.59,478,475,0.9937,696.0,702.0,-0.0086,False
259,2009,691,0.34,0.3971,3.86,2.0,137.65,0.447,7.36,28.96,1326,1312,0.9894,702.0,684.0,0.0256,False
260,1008,681,0.6706,0.7256,1.83,1.0,121.16,0.37,2.97,28.82,332,325,0.9789,684.0,686.0,-0.0029,False
261,1525,672,0.4387,0.5278,2.83,2.0,135.23,0.3593,5.85,28.5,856,846,0.9883,686.0,671.0,0.0219,False
262,1637,668,0.402,0.4837,3.21,2.0,134.85,0.3616,5.31,28.82,979,963,0.9837,671.0,663.0,0.0119,False
263,1178,658,0.562,0.6285,2.26,1.0,185.28,0.5093,5.2,39.37,516,511,0.9903,663.0,668.0,-0.0075,False
264,1821,657,0.3553,0.394,3.65,2.0,141.21,0.4305,6.2,27.11,1174,1155,0.9838,668.0,639.0,0.0434,False
265,885,638,0.7232,0.764,1.56,1.0,162.53,0.3672,2.92,31.56,245,238,0.9714,639.0,634.0,0.0078,False
266,913,631,0.6933,0.7526,1.79,1.0,177.05,0.4107,3.5,39.75,280,277,0.9893,634.0,633.0,0.0016,False
267,1376,629,0.4578,0.5529,2.86,2.0,156.97,0.3895,6.35,31.12,746,739,0.9906,633.0,627.0,0.0095,False
268,695,625,0.9079,0.9067,1.14,1.0,105.56,0.1971,0.75,31.44,64,63,0.9844,627.0,632.0,-0.008,False
269,1246,621,0.4936,0.5958,2.67,2.0,159.71,0.4398,4.78,31.08,631,619,0.981,632.0,613.0,0.0301,False
270,740,611,0.8365,0.8531,1.24,1.0,81.07,0.2595,1.13,27.19,121,121,1.0,613.0,614.0,-0.0016,False
271,1016,617,0.6073,0.7073,2.08,1.0,118.54,0.4311,3.4,30.82,399,395,0.99,614.0,615.0,-0.0016,False
272,922,611,0.6681,0.675,1.65,1.0,158.56,0.3015,3.51,34.53,306,304,0.9935,615.0,615.0,0.0,False
273,1069,616,0.5809,0.6248,1.97,1.0,100.59,0.348,3.22,25.89,448,446,0.9955,615.0,613.0,0.0033,False
274,1100,609,0.5491,0.6758,2.49,2.0,158.04,0.4255,4.88,33.11,496,484,0.9758,613.0,605.0,0.0131,False
275,1035,606,0.5855,0.6059,1.9,1.0,124.52,0.3179,4.11,28.87,429,424,0.9883,605.0,604.0,0.0017,False
276,1196,599,0.4992,0.5466,2.51,2.0,131.69,0.4022,4.94,30.0,599,592,0.9883,604.0,597.0,0.0116,False
277,859,597,0.6997,0.8048,1.85,1.0,129.37,0.3376,2.85,35.0,258,255,0.9884,597.0,595.0,0.0034,False
278,758,592,0.7836,0.8028,1.37,1.0,128.53,0.3575,2.06,29.08,164,160,0.9756,595.0,592.0,0.005,False
279,781,587,0.7529,0.8066,1.6,1.0,176.83,0.4622,2.66,41.99,193,191,0.9896,592.0,587.0,0.0084,False
280,933,588,0.6281,0.6733,1.81,1.0,168.8,0.3923,3.7,33.77,347,342,0.9856,587.0,587.0,0.0,False
281,795,588,0.7396,0.7835,1.55,1.0,141.29,0.2164,2.38,35.25,207,204,0.9855,587.0,584.0,0.0051,False
282,1141,581,0.5031,0.5343,2.25,2.0,123.09,0.3637,5.44,28.18,567,557,0.9824,584.0,574.0,0.0171,False
283,888,572,0.6408,0.6611,1.67,1.0,130.13,0.3694,3.48,31.07,319,312,0.9781,574.0,572.0,0.0035,False
284,1285,572,0.435,0.4852,2.68,2.0,176.1,0.4739,6.15,35.34,726,711,0.9793,572.0,561.0,0.0192,False
285,722,566,0.7867,0.7989,1.39,1.0,224.83,0.3338,2.48,41.21,154,152,0.987,561.0,567.0,-0.0107,False
286,988,562,0.5759,0.592,1.94,1.0,194.69,0.3239,5.0,35.7,419,419,1.0,567.0,566.0,0.0018,False
287,1331,563,0.4207,0.4767,2.85,2.0,139.55,0.4801,5.97,30.69,771,762,0.9883,566.0,556.0,0.0177,False
288,798,556,0.6967,0.725,1.61,1.0,155.68,0.2794,3.28,35.61,242,238,0.9835,556.0,557.0,-0.0018,False
289,1017,552,0.5428,0.6342,2.28,1.0,126.04,0.3412,4.96,28.63,465,462,0.9935,557.0,553.0,0.0072,False
290,635,549,0.8709,0.8811,1.22,1.0,174.6,0.2929,1.15,40.96,82,81,0.9878,553.0,550.0,0.0054,False
291,888,545,0.6194,0.6291,1.8,1.0,172.09,0.3457,3.91,32.96,338,335,0.9911,550.0,544.0,0.0109,False
292,776,543,0.6997,0.7495,1.65,1.0,134.79,0.3428,2.74,29.44,233,228,0.9785,544.0,533.0,0.0202,False
293,648,535,0.8318,0.8846,1.34,1.0,109.31,0.2701,1.27,29.02,109,108,0.9908,533.0,534.0,-0.0019,False
294,773,531,0.696,0.7399,1.6,1.0,132.94,0.3532,2.9,30.82,235,234,0.9957,534.0,531.0,0.0056,False
295,656,532,0.8262,0.8566,1.38,1.0,170.93,0.2607,1.69,33.94,114,113,0.9912,531.0,531.0,0.0,False
296,882,536,0.6236,0.6571,1.82,1.0,115.22,0.4433,3.63,27.48,332,331,0.997,531.0,536.0,-0.0094,False
297,1281,535,0.4145,0.4781,2.98,2.0,143.19,0.4231,6.18,27.34,750,741,0.988,536.0,525.0,0.0205,False
298,659,522,0.7967,0.829,1.35,1.0,167.75,0.3976,1.83,39.58,134,133,0.9925,525.0,522.0,0.0057,False
299,864,520,0.603,0.6799,2.18,1.0,159.72,0.4641,3.84,31.8,343,339,0.9883,522.0,524.0,-0.0038,False
300,1115,524,0.4682,0.5606,2.89,2.0,123.56,0.4807,5.64,28.51,593,589,0.9933,524.0,517.0,0.0134,False
301,518,517,1.0,1.0,1.0,1.0,71.59,0.0,0.0,23.19,0,0,,517.0,510.0,0.0135,False
302,518,510,0.9865,0.9862,1.02,1.0,135.37,0.0425,0.12,39.03,7,7,1.0,510.0,513.0,-0.0059,False
303,824,510,0.6177,0.6746,1.9,1.0,123.65,0.4842,3.26,31.33,315,312,0.9905,513.0,515.0,-0.0039,False
304,2364,513,0.2077,0.2146,5.52,4.0,67.65,0.415,7.68,14.2,1873,1847,0.9861,515.0,484.0,0.0602,True
305,524,486,0.9351,0.944,1.1,1.0,179.35,0.2004,0.65,41.48,34,34,1.0,484.0,484.0,0.0,False
306,560,485,0.8714,0.8766,1.22,1.0,103.37,0.4054,0.52,30.81,72,72,1.0,484.0,486.0,-0.0041,False
307,672,489,0.7247,0.7516,1.53,1.0,135.92,0.4688,2.51,35.64,185,181,0.9784,486.0,481.0,0.0103,False
308,574,481,0.838,0.8865,1.32,1.0,139.89,0.2735,1.35,35.33,93,91,0.9785,481.0,503.0,-0.0457,False
309,2436,496,0.1958,0.1463,5.39,4.0,120.28,0.5452,8.67,24.64,1959,1939,0.9898,503.0,477.0,0.0517,True
310,609,479,0.7931,0.8319,1.47,1.0,218.59,0.1987,2.38,41.15,126,125,0.9921,477.0,484.0,-0.0147,False
311,927,480,0.5124,0.5225,2.3,2.0,166.82,0.4509,5.55,34.12,452,443,0.9801,484.0,470.0,0.0289,False
312,742,468,0.6388,0.6499,1.8,1.0,163.07,0.2709,4.01,31.86,268,267,0.9963,470.0,467.0,0.0064,False
313,768,467,0.6107,0.6576,1.9,1.0,155.4,0.4401,4.52,34.31,299,294,0.9833,467.0,468.0,-0.0021,False
314,918,469,0.5054,0.5438,2.28,2.0,112.26,0.4935,4.84,26.91,454,445,0.9802,468.0,463.0,0.0107,False
315,767,460,0.6037,0.6188,1.82,1.0,205.7,0.4198,4.31,35.52,304,300,0.9868,463.0,455.0,0.0173,False
316,567,456,0.8113,0.8552,1.42,1.0,160.1,0.261,2.13,44.14,107,106,0.9907,455.0,454.0,0.0022,False
317,921,453,0.4875,0.5198,2.38,2.0,129.97,0.4843,5.52,27.13,472,464,0.9831,454.0,447.0,0.0154,False
318,767,443,0.5815,0.6099,2.04,1.0,184.58,0.4094,4.64,40.21,321,319,0.9938,447.0,448.0,-0.0022,False
319,871,445,0.5144,0.5111,2.23,2.0,166.96,0.4156,5.71,32.09,423,419,0.9905,448.0,441.0,0.0156,False
320,545,442,0.822,0.8326,1.29,1.0,142.8,0.2881,1.67,35.09,97,97,1.0,441.0,443.0,-0.0045,False
321,755,442,0.5854,0.657,2.11,1.0,192.45,0.5417,4.38,38.1,313,309,0.9872,443.0,441.0,0.0045,False
322,815,439,0.5411,0.5831,2.15,2.0,152.14,0.5239,4.64,33.63,374,372,0.9947,441.0,433.0,0.0181,False
323,475,433,0.9221,0.9276,1.12,1.0,160.45,0.28,0.69,41.0,37,37,1.0,433.0,435.0,-0.0046,False
324,986,433,0.43,0.5115,2.8,2.0,100.93,0.5091,4.83,25.87,562,549,0.9769,435.0,420.0,0.0345,False
325,482,424,0.888,0.908,1.2,1.0,129.95,0.3008,1.07,37.87,54,54,1.0,420.0,422.0,-0.0048,False
326,793,423,0.5322,0.6214,2.52,2.0,172.69,0.3733,5.49,36.83,371,363,0.9784,422.0,422.0,0.0,False
327,850,417,0.4882,0.5556,2.65,2.0,179.0,0.4212,5.81,32.23,435,431,0.9908,422.0,410.0,0.0284,False
328,553,410,0.745,0.7706,1.46,1.0,143.46,0.3146,2.54,32.64,141,139,0.9858,410.0,417.0,-0.0171,False
329,1095,417,0.3735,0.4476,3.13,2.0,127.06,0.516,6.76,26.93,686,675,0.984,417.0,409.0,0.0192,False
330,445,408,0.9169,0.9286,1.17,1.0,195.38,0.209,0.96,44.72,37,35,0.9459,409.0,408.0,0.0024,False
331,1127,403,0.3478,0.312,3.17,2.0,157.17,0.4632,6.82,26.85,735,720,0.9796,408.0,394.0,0.0343,False
332,659,394,0.5933,0.5833,1.85,1.0,160.53,0.3748,4.43,33.41,268,262,0.9776,394.0,388.0,0.0152,False
333,518,388,0.7548,0.8218,1.5,1.0,137.15,0.3938,2.21,35.72,127,127,1.0,388.0,395.0,-0.018,False
334,1306,391,0.2963,0.4218,4.59,3.0,96.64,0.5008,6.42,22.32,919,911,0.9913,395.0,383.0,0.0304,False
335,439,381,0.8747,0.9013,1.2,1.0,126.89,0.1891,1.2,37.27,55,54,0.9818,383.0,385.0,-0.0052,False
336,848,382,0.4517,0.4874,2.44,2.0,166.26,0.4575,5.72,30.54,465,462,0.9935,385.0,379.0,0.0156,False
337,486,377,0.7798,0.8116,1.4,1.0,191.04,0.3333,2.58,40.73,107,107,1.0,379.0,380.0,-0.0026,False
338,694,374,0.5418,0.4624,1.88,2.0,140.17,0.2608,5.35,33.34,318,314,0.9874,380.0,379.0,0.0026,False
339,988,379,0.3806,0.3926,3.04,2.0,131.79,0.5445,6.3,30.85,612,606,0.9902,379.0,371.0,0.0211,False
340,695,370,0.5396,0.6477,2.46,1.0,106.96,0.3511,4.54,30.57,320,318,0.9938,371.0,365.0,0.0162,False
341,831,367,0.4428,0.4793,2.58,2.0,106.67,0.3851,4.74,22.15,463,459,0.9914,365.0,368.0,-0.0082,False
342,572,370,0.6503,0.6941,1.74,1.0,133.33,0.3531,3.01,32.49,200,199,0.995,368.0,372.0,-0.0109,False
343,1054,366,0.3435,0.2741,3.03,2.0,189.21,0.4279,7.84,31.25,692,685,0.9899,372.0,361.0,0.0296,False
344,627,360,0.5726,0.6165,1.96,1.0,157.84,0.4147,4.0,33.33,268,262,0.9776,361.0,354.0,0.0194,False
345,882,352,0.4036,0.4591,3.13,2.0,113.33,0.4751,6.4,26.63,526,522,0.9924,354.0,349.0,0.0141,False
346,700,349,0.4957,0.517,2.19,2.0,99.8,0.4371,4.61,26.53,353,346,0.9802,349.0,340.0,0.0258,False
347,773,339,0.4308,0.5296,3.11,2.0,108.86,0.5097,4.89,25.83,440,432,0.9818,340.0,332.0,0.0235,False
348,386,330,0.8523,0.8675,1.26,1.0,145.82,0.2694,1.52,35.7,57,55,0.9649,332.0,334.0,-0.006,False
349,986,333,0.3357,0.34,3.84,2.0,102.47,0.4645,7.4,26.08,655,651,0.9939,334.0,333.0,0.003,False
350,402,330,0.8259,0.8435,1.3,1.0,200.47,0.291,1.77,47.64,70,70,1.0,333.0,330.0,0.009,False
351,335,330,1.0,1.0,1.01,1.0,45.3,0.0,0.0,11.41,0,0,,330.0,332.0,-0.0061,False
352,346,332,0.974,0.9731,1.03,1.0,70.78,0.0289,0.18,22.02,9,9,1.0,332.0,330.0,0.006,False
353,337,328,0.9911,0.991,1.01,1.0,66.85,0.0297,0.06,22.47,3,3,1.0,330.0,329.0,0.003,False
354,502,327,0.6633,0.7314,1.82,1.0,127.13,0.3884,3.76,33.18,169,168,0.9941,329.0,327.0,0.0061,False
355,344,327,0.9709,0.9729,1.04,1.0,114.02,0.0988,0.25,31.6,10,10,1.0,327.0,328.0,-0.0031,False
356,337,327,0.9733,0.9755,1.04,1.0,103.45,0.0831,0.21,30.94,9,9,1.0,328.0,324.0,0.0122,False
357,367,323,0.8828,0.9035,1.22,1.0,186.31,0.2507,1.29,43.41,43,42,0.9767,324.0,326.0,-0.0062,False
358,420,323,0.7738,0.8046,1.44,1.0,111.54,0.5262,2.26,29.63,95,95,1.0,326.0,325.0,0.0031,False
359,702,325,0.4615,0.4951,2.4,2.0,139.39,0.4972,6.01,26.44,378,375,0.9921,325.0,321.0,0.0123,False
360,362,320,0.9088,0.9091,1.14,1.0,168.19,0.2597,0.95,40.03,33,33,1.0,321.0,318.0,0.0093,False
361,604,317,0.5281,0.602,2.26,2.0,121.61,0.4123,4.49,29.38,285,283,0.993,318.0,314.0,0.0126,False
362,493,315,0.6491,0.6892,1.77,1.0,130.32,0.4503,3.26,31.19,173,172,0.9942,314.0,314.0,0.0,False
363,355,312,0.8901,0.9029,1.2,1.0,152.02,0.2563,1.09,38.39,39,39,1.0,314.0,314.0,0.0,False
364,898,311,0.3408,0.3931,3.43,2.0,147.25,0.5156,5.86,29.01,592,584,0.9865,314.0,306.0,0.0255,False
365,429,305,0.7179,0.6973,1.43,1.0,102.28,0.324,2.38,26.0,121,121,1.0,306.0,306.0,0.0,False
366,438,303,0.6849,0.7172,1.58,1.0,188.39,0.4315,3.34,39.26,138,134,0.971,306.0,296.0,0.0327,False
367,493,292,0.5903,0.6618,1.97,1.0,123.75,0.2941,4.02,27.83,202,199,0.9851,296.0,292.0,0.0135,False
368,308,290,0.9513,0.9586,1.07,1.0,107.96,0.2922,0.43,28.53,15,15,1.0,292.0,294.0,-0.0068,False
369,734,293,0.3937,0.5265,3.22,2.0,127.56,0.4278,5.6,28.36,445,440,0.9888,294.0,290.0,0.0136,False
370,500,288,0.584,0.6029,1.8,1.0,126.98,0.534,3.95,28.89,208,207,0.9952,290.0,288.0,0.0069,False
371,527,284,0.5446,0.5993,2.11,1.0,141.7,0.5237,4.61,33.74,240,239,0.9958,288.0,287.0,0.0035,False
372,733,285,0.3888,0.2797,2.83,2.0,131.0,0.3806,6.77,26.55,448,443,0.9888,287.0,278.0,0.0314,False
373,303,277,0.9274,0.9355,1.09,1.0,104.95,0.1848,0.6,30.87,22,21,0.9545,278.0,275.0,0.0108,False
374,531,274,0.5198,0.5481,2.18,1.0,110.74,0.4331,3.95,26.23,255,253,0.9922,275.0,275.0,0.0,False
375,344,274,0.7965,0.8165,1.3,1.0,153.44,0.3169,1.93,34.41,70,68,0.9714,275.0,279.0,-0.0145,False
376,618,278,0.4482,0.4826,2.83,2.0,118.06,0.5129,5.99,29.06,341,337,0.9883,279.0,277.0,0.0072,False
377,487,276,0.5688,0.584,1.9,1.0,151.19,0.4312,4.05,36.52,210,208,0.9905,277.0,275.0,0.0072,False
378,363,273,0.7631,0.8333,1.48,1.0,170.27,0.4408,2.39,44.29,86,86,1.0,275.0,280.0,-0.0182,False
379,564,278,0.4929,0.5154,2.42,2.0,135.05,0.5355,5.09,30.72,286,283,0.9895,280.0,274.0,0.0214,False
380,789,271,0.3384,0.3502,3.57,2.0,82.36,0.3942,6.56,20.61,522,515,0.9866,274.0,271.0,0.0109,False
381,508,267,0.5295,0.6163,2.12,1.0,120.48,0.4331,4.35,27.19,239,237,0.9916,271.0,267.0,0.0148,False
382,428,267,0.6192,0.6482,1.75,1.0,133.35,0.4766,3.93,31.16,163,159,0.9755,267.0,270.0,-0.0112,False
383,531,265,0.4896,0.5333,2.47,2.0,184.37,0.5499,5.67,37.6,271,266,0.9815,270.0,264.0,0.0222,False
384,332,263,0.7982,0.7677,1.28,1.0,133.39,0.3705,2.16,34.79,67,66,0.9851,264.0,261.0,0.0114,False
385,408,260,0.6495,0.7047,1.73,1.0,154.46,0.424,3.59,37.48,143,143,1.0,261.0,260.0,0.0038,False
386,407,258,0.6413,0.6627,1.67,1.0,139.83,0.4128,3.02,35.71,146,146,1.0,260.0,260.0,0.0,False
387,510,261,0.5039,0.5579,2.46,2.0,138.34,0.4765,5.01,31.41,253,247,0.9763,260.0,254.0,0.0231,False
388,315,251,0.7968,0.8298,1.38,1.0,219.99,0.4286,2.16,45.11,64,63,0.9844,254.0,256.0,-0.0079,False
389,704,255,0.358,0.4017,3.61,2.0,144.6,0.5426,7.57,30.88,452,447,0.9889,256.0,252.0,0.0156,False
390,280,250,0.8964,0.8852,1.14,1.0,147.06,0.225,1.14,40.3,29,29,1.0,252.0,250.0,0.0079,False
391,331,249,0.7432,0.7607,1.47,1.0,164.35,0.426,2.8,35.93,85,81,0.9529,250.0,246.0,0.016,False
392,313,246,0.7955,0.7764,1.29,1.0,155.2,0.3578,2.26,36.3,64,64,1.0,246.0,245.0,0.0041,False
393,259,243,0.9498,0.9496,1.09,1.0,145.49,0.2973,0.51,43.56,13,13,1.0,245.0,248.0,-0.0122,False
394,1038,246,0.2283,0.2335,4.55,3.0,81.45,0.5058,6.7,18.74,801,792,0.9888,248.0,236.0,0.0484,False
395,371,235,0.6253,0.6744,1.9,1.0,147.81,0.5822,3.72,30.84,139,135,0.9712,236.0,230.0,0.0254,False
396,371,229,0.6253,0.6532,1.75,1.0,171.83,0.4447,3.57,28.73,139,136,0.9784,230.0,228.0,0.0087,False
397,316,225,0.7152,0.7364,1.52,1.0,141.3,0.4557,2.8,33.11,90,88,0.9778,228.0,225.0,0.0132,False
398,287,227,0.8014,0.8,1.26,1.0,119.11,0.338,1.86,31.74,57,55,0.9649,225.0,226.0,-0.0044,False
399,609,224,0.3596,0.393,3.08,2.0,120.61,0.5665,6.36,29.53,390,384,0.9846,226.0,226.0,0.0,False
400,320,226,0.7125,0.6944,1.48,1.0,152.5,0.2875,3.18,36.61,92,92,1.0,226.0,226.0,0.0,False
401,276,268,0.9891,0.9873,1.66,1.0,78.04,0.0,0.07,29.3,3,3,1.0,226.0,225.0,0.0044,False
402,281,266,0.9644,0.9659,1.06,1.0,157.92,0.121,0.33,44.48,10,10,1.0,225.0,225.0,0.0,False
403,365,266,0.7452,0.7826,1.56,1.0,191.27,0.3918,2.7,47.15,93,93,1.0,225.0,225.0,0.0,False
404,729,262,0.3498,0.4204,3.13,2.0,110.37,0.535,5.77,25.01,474,465,0.981,225.0,217.0,0.0356,False
405,261,251,0.9693,0.9758,1.07,1.0,113.78,0.0996,0.28,33.67,8,8,1.0,217.0,218.0,-0.0046,False
406,304,252,0.8388,0.8449,1.27,1.0,174.41,0.3092,1.46,32.56,49,48,0.9796,218.0,214.0,0.0183,False
407,339,250,0.7522,0.7958,1.48,1.0,221.01,0.4307,2.65,43.51,84,84,1.0,214.0,220.0,-0.028,False
408,432,254,0.5903,0.6163,1.91,1.0,112.21,0.294,3.68,27.12,177,174,0.9831,220.0,219.0,0.0045,False
409,876,250,0.2774,0.4286,4.89,3.0,129.66,0.508,7.65,25.4,633,625,0.9874,219.0,205.0,0.0639,False
410,392,237,0.6071,0.5882,1.75,1.0,171.93,0.4719,4.02,34.72,154,152,0.987,205.0,204.0,0.0049,False
411,531,233,0.4407,0.467,2.61,2.0,118.51,0.4576,5.45,28.91,297,295,0.9933,204.0,198.0,0.0294,False
412,262,228,0.8626,0.8858,1.23,1.0,166.5,0.2366,1.29,41.03,36,32,0.8889,198.0,196.0,0.0101,False
413,265,225,0.8528,0.8657,1.27,1.0,152.4,0.3132,1.38,39.33,39,38,0.9744,196.0,194.0,0.0102,False
414,372,218,0.586,0.6731,1.97,1.0,131.85,0.3683,3.87,30.56,154,152,0.987,194.0,190.0,0.0206,False
415,240,215,0.9,0.9151,1.15,1.0,140.88,0.2,0.9,39.29,24,24,1.0,190.0,196.0,-0.0316,False
416,472,215,0.4597,0.4747,2.46,2.0,90.39,0.4852,5.2,23.1,255,253,0.9922,196.0,196.0,0.0,False
417,303,217,0.7228,0.7692,1.51,1.0,155.71,0.5149,2.63,28.19,84,84,1.0,196.0,195.0,0.0051,False
418,297,213,0.7104,0.67,1.45,1.0,173.51,0.3973,2.94,41.38,86,83,0.9651,195.0,196.0,-0.0051,False
419,761,213,0.2707,0.33,4.16,3.0,125.17,0.6124,7.26,25.22,555,546,0.9838,196.0,190.0,0.0306,False
420,221,206,0.9412,0.9552,1.12,1.0,107.97,0.3032,0.48,29.88,13,13,1.0,190.0,193.0,-0.0158,False
421,240,208,0.8708,0.8737,1.23,1.0,137.15,0.55,1.0,40.05,31,31,1.0,193.0,195.0,-0.0104,False
422,282,209,0.7482,0.7839,1.5,1.0,155.02,0.4433,2.59,38.02,71,71,1.0,195.0,196.0,-0.0051,False
423,339,206,0.6018,0.6337,1.77,1.0,111.87,0.4041,3.36,23.96,135,130,0.963,196.0,189.0,0.0357,False
424,329,201,0.6049,0.7043,2.17,1.0,181.76,0.4316,4.23,39.81,130,127,0.9769,189.0,188.0,0.0053,False
425,296,197,0.6655,0.7182,1.72,1.0,207.88,0.4291,3.19,40.4,99,98,0.9899,188.0,187.0,0.0053,False
426,297,198,0.6667,0.7027,1.66,1.0,140.99,0.4512,3.22,35.18,99,99,1.0,187.0,187.0,0.0,False
427,485,198,0.3979,0.4413,2.89,2.0,142.85,0.5629,5.89,28.05,292,286,0.9795,187.0,184.0,0.016,False
428,283,192,0.682,0.6842,1.66,1.0,207.46,0.5512,3.73,45.15,90,90,1.0,184.0,185.0,-0.0054,False
429,563,192,0.341,0.3152,3.2,2.0,115.1,0.5506,6.87,28.49,371,366,0.9865,185.0,183.0,0.0108,False
430,895,191,0.2,0.2865,5.83,4.0,100.38,0.5039,8.0,22.15,716,704,0.9832,183.0,174.0,0.0492,False
431,446,181,0.4058,0.4458,3.16,2.0,179.54,0.6345,6.13,32.39,265,263,0.9925,174.0,174.0,0.0,False
432,227,181,0.7974,0.8466,1.44,1.0,151.84,0.4802,2.0,34.45,46,46,1.0,174.0,173.0,0.0057,False
433,207,178,0.8599,0.8947,1.28,1.0,202.76,0.3333,1.51,43.04,29,29,1.0,173.0,173.0,0.0,False
434,799,181,0.214,0.2109,5.65,4.0,150.85,0.5181,9.82,24.96,628,616,0.9809,173.0,162.0,0.0636,True
435,200,167,0.84,0.858,1.25,1.0,147.45,0.375,1.21,39.43,32,31,0.9688,162.0,161.0,0.0062,False
436,282,165,0.5887,0.6306,1.87,1.0,242.94,0.4929,4.71,39.38,116,114,0.9828,161.0,160.0,0.0062,False
437,316,161,0.5095,0.5033,2.19,2.0,175.2,0.6171,5.7,34.15,155,155,1.0,160.0,161.0,-0.0063,False
438,199,165,0.8291,0.8718,1.45,1.0,143.77,0.3668,1.64,36.95,34,34,1.0,161.0,161.0,0.0,False
439,317,162,0.5047,0.5867,2.36,2.0,160.52,0.5647,5.21,33.91,157,154,0.9809,161.0,158.0,0.0186,False
440,171,161,0.9532,0.9563,1.08,1.0,122.67,0.193,0.4,28.22,8,8,1.0,158.0,158.0,0.0,False
441,180,161,0.9,0.9236,1.18,1.0,124.82,0.5444,0.84,34.93,18,18,1.0,158.0,160.0,-0.0127,False
442,203,160,0.798,0.8442,1.4,1.0,184.37,0.4286,1.79,42.7,41,41,1.0,160.0,157.0,0.0188,False
443,199,161,0.8241,0.8411,1.33,1.0,247.5,0.3869,1.79,38.52,35,35,1.0,157.0,158.0,-0.0064,False
444,404,159,0.3837,0.4626,3.54,2.0,121.87,0.6139,5.34,27.21,249,245,0.9839,158.0,153.0,0.0316,False
445,167,154,0.9222,0.9267,1.11,1.0,170.2,0.2096,0.86,47.48,13,13,1.0,153.0,152.0,0.0065,False
446,297,153,0.5152,0.5556,2.3,2.0,146.8,0.5286,5.29,35.67,144,144,1.0,152.0,154.0,-0.0132,False
447,298,151,0.5067,0.5532,2.18,2.0,155.7,0.5638,5.38,32.13,147,145,0.9864,154.0,151.0,0.0195,False
448,159,149,0.9497,0.9452,1.09,1.0,153.52,0.239,0.61,42.04,8,8,1.0,151.0,151.0,0.0,False
449,463,148,0.3089,0.2538,3.42,3.0,172.23,0.5572,8.3,32.81,320,314,0.9813,151.0,145.0,0.0397,False
450,157,144,0.9299,0.9357,1.12,1.0,188.17,0.3631,0.76,46.35,11,11,1.0,145.0,147.0,-0.0138,False
451,145,144,1.0,1.0,1.0,1.0,73.4,0.0,0.0,16.15,0,0,,147.0,148.0,-0.0068,False
452,173,143,0.8266,0.8201,1.25,1.0,135.02,0.0983,1.41,27.09,30,29,0.9667,148.0,146.0,0.0135,False
453,171,140,0.8246,0.8409,1.31,1.0,148.51,0.2456,1.46,30.71,30,30,1.0,146.0,143.0,0.0205,False
454,247,141,0.5709,0.6508,2.48,1.0,181.1,0.5789,4.78,35.93,106,104,0.9811,143.0,143.0,0.0,False
455,151,136,0.9073,0.9111,1.12,1.0,142.13,0.2848,0.7,28.69,14,14,1.0,143.0,142.0,0.007,False
456,158,137,0.8671,0.8976,1.27,1.0,146.25,0.3418,1.28,35.21,21,21,1.0,142.0,144.0,-0.0141,False
457,230,136,0.5783,0.6557,2.01,1.0,135.41,0.4783,4.21,26.6,97,93,0.9588,144.0,139.0,0.0347,False
458,150,134,0.9,0.8923,1.14,1.0,117.11,0.2667,0.99,32.69,15,15,1.0,139.0,140.0,-0.0072,False
459,273,133,0.4872,0.595,2.71,2.0,192.48,0.4396,5.4,35.85,140,138,0.9857,140.0,141.0,-0.0071,False
460,154,130,0.8571,0.845,1.18,1.0,136.15,0.2662,1.49,40.6,22,22,1.0,141.0,140.0,0.0071,False
461,253,129,0.5059,0.5462,2.15,2.0,136.55,0.5336,4.83,29.97,125,123,0.984,140.0,137.0,0.0214,False
462,167,127,0.7605,0.7731,1.41,1.0,163.69,0.3114,2.64,33.62,40,40,1.0,137.0,133.0,0.0292,False
463,159,124,0.7799,0.7931,1.41,1.0,153.9,0.3711,2.14,34.69,35,35,1.0,133.0,135.0,-0.015,False
464,327,126,0.3792,0.4234,2.87,2.0,120.55,0.581,5.86,25.74,203,201,0.9901,135.0,133.0,0.0148,False
465,125,123,0.992,0.9919,1.01,1.0,99.38,0.008,0.05,30.92,1,1,1.0,133.0,132.0,0.0075,False
466,367,123,0.3351,0.3214,3.52,2.0,80.32,0.4714,6.66,22.22,244,244,1.0,132.0,135.0,-0.0227,False
467,369,118,0.3008,0.419,4.92,3.0,117.21,0.3902,7.05,23.88,258,251,0.9729,135.0,127.0,0.0593,False
468,163,115,0.7055,0.7184,1.61,1.0,134.28,0.3374,2.57,26.67,48,48,1.0,127.0,129.0,-0.0157,False
469,231,114,0.4848,0.4951,2.29,2.0,158.38,0.5108,5.9,33.5,119,117,0.9832,129.0,126.0,0.0233,False
470,155,109,0.7032,0.697,1.57,1.0,131.73,0.3935,2.99,31.85,46,46,1.0,126.0,124.0,0.0159,False
471,422,110,0.2559,0.3438,4.7,3.0,153.59,0.4953,7.84,24.31,314,311,0.9904,124.0,120.0,0.0323,False
472,191,105,0.5445,0.5,1.92,1.0,212.6,0.4607,5.42,41.19,87,86,0.9885,120.0,113.0,0.0583,False
473,109,101,0.9266,0.9406,1.1,1.0,123.31,0.1743,0.67,38.36,8,8,1.0,113.0,114.0,-0.0088,False
474,305,101,0.3213,0.3977,3.85,3.0,182.49,0.5377,7.85,26.41,207,203,0.9807,114.0,112.0,0.0175,False
475,141,97,0.6879,0.6813,1.53,1.0,183.07,0.3404,3.28,37.28,44,44,1.0,112.0,109.0,0.0268,False
476,164,95,0.5793,0.6265,2.05,1.0,177.88,0.5183,3.85,39.04,69,68,0.9855,109.0,111.0,-0.0183,False
477,128,90,0.7109,0.7326,1.67,1.0,175.53,0.2344,3.23,33.95,37,37,1.0,111.0,108.0,0.027,False
478,137,87,0.6277,0.6329,1.87,1.0,155.3,0.292,4.5,34.87,51,49,0.9608,108.0,107.0,0.0093,False
479,188,88,0.4574,0.4937,2.56,2.0,218.79,0.4894,6.65,36.55,102,98,0.9608,107.0,105.0,0.0187,False
480,109,82,0.7431,0.7692,1.5,1.0,163.24,0.2844,2.9,35.87,28,25,0.8929,105.0,102.0,0.0286,False
481,141,81,0.5674,0.5714,2.01,2.0,233.59,0.7376,4.31,38.38,61,59,0.9672,102.0,104.0,-0.0196,False
482,156,80,0.5064,0.5676,2.18,2.0,156.19,0.4808,5.67,31.64,77,75,0.974,104.0,103.0,0.0096,False
483,96,78,0.8229,0.8442,1.28,1.0,180.99,0.2083,1.85,38.56,17,17,1.0,103.0,105.0,-0.0194,False
484,187,77,0.4064,0.4648,3.12,2.0,153.55,0.6578,6.75,30.03,111,110,0.991,105.0,103.0,0.019,False
485,77,75,0.974,0.973,1.06,1.0,184.79,0.3896,0.26,45.79,2,2,1.0,103.0,102.0,0.0097,False
486,86,75,0.8721,0.8649,1.17,1.0,153.34,0.0698,1.15,36.13,11,11,1.0,102.0,102.0,0.0,False
487,199,77,0.392,0.4478,2.8,2.0,178.06,0.5879,7.51,37.35,121,120,0.9917,102.0,101.0,0.0098,False
488,144,74,0.5139,0.5,2.09,2.0,164.32,0.5972,4.72,28.66,70,69,0.9857,101.0,101.0,0.0,False
489,149,73,0.5034,0.4833,2.6,2.0,193.81,0.5906,5.14,36.63,74,74,1.0,101.0,101.0,0.0,False
490,112,71,0.6429,0.7424,1.9,1.0,155.71,0.5625,3.62,33.51,40,40,1.0,101.0,97.0,0.0396,False
491,84,70,0.8571,0.8714,1.33,1.0,124.19,0.2262,1.42,37.19,12,12,1.0,,,,False
492,152,71,0.4803,0.375,2.24,2.0,101.68,0.3882,4.25,19.53,79,79,1.0,,,,False
493,91,71,0.7912,0.8182,1.4,1.0,152.32,0.5055,2.12,33.38,19,19,1.0,100.0,100.0,0.0,False
494,226,71,0.3142,0.4603,3.87,3.0,183.8,0.6239,7.92,36.43,155,151,0.9742,100.0,96.0,0.04,False
495,141,66,0.4681,0.4923,2.45,2.0,170.03,0.3475,5.94,31.06,75,73,0.9733,,,,False
496,113,63,0.5575,0.4912,1.91,1.0,117.66,0.5575,5.16,32.21,50,49,0.98,,,,False
497,83,62,0.747,0.8305,1.58,1.0,191.16,0.494,2.34,41.71,21,20,0.9524,,,,False
498,70,60,0.8714,0.8947,1.3,1.0,263.2,0.6429,1.34,42.96,9,9,1.0,,,,False
499,148,63,0.4324,0.4561,2.67,2.0,167.32,0.7027,5.7,36.93,84,83,0.9881,,,,False
500,102,61,0.6176,0.5439,1.59,1.0,115.71,0.6078,3.61,25.87,39,39,1.0,,,,False
